{
  "animation_speed": 300,
  "curve_points": [
    [
      0.346875,
      0.8487263
    ]
  ]
}